,id,datetime,room,name,trans
0,1,1625629952,3.0,try,2021-07-07
1,2,1625629952,3.0,trial,2021-07-07
2,17,1625633520,3.0,wala,2021-07-07
3,18,1625648400,3.0,trial,2021-07-07
4,19,1625648400,4.0,walai labot,2021-07-07
5,20,1625633520,3.0,wala,2021-07-07
6,21,1681643731,210.0,Sudent A,2023-04-16
7,22,1681643761,105.0,Guest  E,2023-04-16
8,23,1681643804,106.0,Instructor D,2023-04-16
9,24,1681644581,210.0,Student B,2023-04-16
10,25,1681652501,105.0,Student B,2023-04-16
11,26,1681652546,205.0,Student C,2023-04-16
12,27,1681652610,208.0,Sudent A,2023-04-16
13,28,1681653016,205.0,Student C,2023-04-16
14,29,1681653111,108.0,Guest  E,2023-04-16
15,30,1681653255,210.0,Sudent A,2023-04-16
16,31,1681653315,110.0,Sudent A,2023-04-16
17,32,1681653367,108.0,Sudent A,2023-04-16
18,33,1681653474,205.0,Sudent A,2023-04-16
19,34,1681653516,105.0,Sudent A,2023-04-16
20,35,1681653583,106.0,Sudent A,2023-04-16
21,36,1681653691,110.0,Sudent A,2023-04-16
22,37,1681653967,105.0,Student B,2023-04-16
23,38,1681654092,210.0,Student B,2023-04-16
24,39,1681654200,210.0,Student B,2023-04-16
25,40,1681654271,105.0,Student B,2023-04-16
26,41,1681654369,205.0,Student B,2023-04-16
27,42,1681654490,301.0,Student B,2023-04-16
28,43,1681654541,104.0,Student C,2023-04-16
29,44,1681654595,103.0,Student C,2023-04-16
30,45,1681654719,208.0,Student C,2023-04-16
31,46,1681654798,204.0,Student C,2023-04-16
32,47,1681655010,205.0,Student C,2023-04-16
33,48,1681655085,304.0,Student C,2023-04-16
34,49,1681655162,208.0,Instructor D,2023-04-16
35,50,1681655198,201.0,Instructor D,2023-04-16
36,51,1681655240,306.0,Instructor D,2023-04-16
37,52,1681655274,302.0,Instructor D,2023-04-16
38,53,1681655323,210.0,Instructor D,2023-04-16
39,54,1681655395,201.0,Instructor D,2023-04-16
40,55,1681655437,105.0,Instructor D,2023-04-16
41,56,1681655532,206.0,Guest  E,2023-04-16
42,57,1681655594,303.0,Guest  E,2023-04-16
43,58,1681655684,110.0,Guest  E,2023-04-16
44,59,1681655720,210.0,Guest  E,2023-04-16
45,60,1681655768,109.0,Guest  E,2023-04-16
46,61,1681655803,107.0,Guest  E,2023-04-16
47,62,1681655930,302.0,Sudent A,2023-04-16
48,63,1681655969,209.0,Sudent A,2023-04-16
49,64,1681656057,301.0,Sudent A,2023-04-16
50,65,1681656104,202.0,Sudent A,2023-04-16
51,66,1681656160,209.0,Sudent A,2023-04-16
52,67,1681656224,110.0,Sudent A,2023-04-16
53,68,1681656291,108.0,Student B,2023-04-16
54,69,1681656335,304.0,Student B,2023-04-16
55,70,1681656415,208.0,Student B,2023-04-16
56,71,1681656462,310.0,Student B,2023-04-16
57,72,1681656498,205.0,Student B,2023-04-16
58,73,1681656548,201.0,Student B,2023-04-16
59,74,1681656625,202.0,Student C,2023-04-16
60,75,1681656674,108.0,Instructor D,2023-04-16
61,76,1681656718,304.0,Guest  E,2023-04-16
62,77,1681657386,203.0,Instructor D,2023-04-16
63,78,1681659499,203.0,Student B,2023-04-16
